{
  "items": [
    {
      "description": "Lorem Ipsum is simply dummy text of the printing and typesetting industry. Lorem Ipsum has been the industry's standard dummy text ever since the 1500s, when an unknown printer took a galley of type and scrambled it to make a type specimen book. It has survived not only five centuries, but also the leap into electronic typesetting, remaining essentially unchanged.  -",
      "discountedPrice": 340,
      "price": 450,
      "thumbnail": "placeholder.png",
      "title": "Muesli, Pack of 2"
    },
    {
      "description": "Lorem Ipsum is simply dummy text of the printing and typesetting industry. Lorem Ipsum has been the industry's standard dummy text ever since the 1500s, when an unknown printer took a galley of type and scrambled it to make a type specimen book. It has survived not only five centuries, but also the leap into electronic typesetting, remaining essentially unchanged.  -",
      "discountedPrice": 27,
      "price": 30,
      "thumbnail": "placeholder.png",
      "title": "Oreo Biscuit, Buy 1 Get 1"
    },
    {
      "description": "Lorem Ipsum is simply dummy text of the printing and typesetting industry. Lorem Ipsum has been the industry's standard dummy text ever since the 1500s, when an unknown printer took a galley of type and scrambled it to make a type specimen book. It has survived not only five centuries, but also the leap into electronic typesetting, remaining essentially unchanged.  -",
      "discountedPrice": 340,
      "price": 450,
      "thumbnail": "placeholder.png",
      "title": "Bagrry's Crunchy Fruit & Nut with Cranberries Muesli (Pouch)"
    },
    {
      "description": "Lorem Ipsum is simply dummy text of the printing and typesetting industry. Lorem Ipsum has been the industry's standard dummy text ever since the 1500s, when an unknown printer took a galley of type and scrambled it to make a type specimen book. It has survived not only five centuries, but also the leap into electronic typesetting, remaining essentially unchanged.  -",
      "discountedPrice": 85,
      "price": 100,
      "thumbnail": "placeholder.png",
      "title": "Oreo Biscuit, Pack of 3"
    },
    {
      "description": "Lorem Ipsum is simply dummy text of the printing and typesetting industry. Lorem Ipsum has been the industry's standard dummy text ever since the 1500s, when an unknown printer took a galley of type and scrambled it to make a type specimen book. It has survived not only five centuries, but also the leap into electronic typesetting, remaining essentially unchanged.  -",
      "discountedPrice": 340,
      "price": 450,
      "thumbnail": "placeholder.png",
      "title": "Muesli, Pack of 2"
    },
    {
      "description": "Lorem Ipsum is simply dummy text of the printing and typesetting industry. Lorem Ipsum has been the industry's standard dummy text ever since the 1500s, when an unknown printer took a galley of type and scrambled it to make a type specimen book. It has survived not only five centuries, but also the leap into electronic typesetting, remaining essentially unchanged.  -",
      "discountedPrice": 27,
      "price": 30,
      "thumbnail": "placeholder.png",
      "title": "Oreo Biscuit, Buy 1 Get 1"
    },
    {
      "description": "Lorem Ipsum is simply dummy text of the printing and typesetting industry. Lorem Ipsum has been the industry's standard dummy text ever since the 1500s, when an unknown printer took a galley of type and scrambled it to make a type specimen book. It has survived not only five centuries, but also the leap into electronic typesetting, remaining essentially unchanged.  -",
      "discountedPrice": 340,
      "price": 450,
      "thumbnail": "placeholder.png",
      "title": "Bagrry's Crunchy Fruit & Nut with Cranberries Muesli (Pouch)"
    },
    {
      "description": "Lorem Ipsum is simply dummy text of the printing and typesetting industry. Lorem Ipsum has been the industry's standard dummy text ever since the 1500s, when an unknown printer took a galley of type and scrambled it to make a type specimen book. It has survived not only five centuries, but also the leap into electronic typesetting, remaining essentially unchanged.  -",
      "discountedPrice": 85,
      "price": 100,
      "thumbnail": "placeholder.png",
      "title": "Oreo Biscuit, Pack of 3"
    }
  ],
  "items-category-1": [
    {
      "description": "Lorem Ipsum is simply dummy text of the printing and typesetting industry. Lorem Ipsum has been the industry's standard dummy text ever since the 1500s, when an unknown printer took a galley of type and scrambled it to make a type specimen book. It has survived not only five centuries, but also the leap into electronic typesetting, remaining essentially unchanged.  -",
      "discountedPrice": 340,
      "price": 450,
      "thumbnail": "placeholder.png",
      "title": "Muesli, Pack of 2"
    },
    {
      "description": "Lorem Ipsum is simply dummy text of the printing and typesetting industry. Lorem Ipsum has been the industry's standard dummy text ever since the 1500s, when an unknown printer took a galley of type and scrambled it to make a type specimen book. It has survived not only five centuries, but also the leap into electronic typesetting, remaining essentially unchanged.  -",
      "discountedPrice": 27,
      "price": 30,
      "thumbnail": "placeholder.png",
      "title": "Oreo Biscuit, Buy 1 Get 1"
    },
    {
      "description": "Lorem Ipsum is simply dummy text of the printing and typesetting industry. Lorem Ipsum has been the industry's standard dummy text ever since the 1500s, when an unknown printer took a galley of type and scrambled it to make a type specimen book. It has survived not only five centuries, but also the leap into electronic typesetting, remaining essentially unchanged.  -",
      "discountedPrice": 340,
      "price": 450,
      "thumbnail": "placeholder.png",
      "title": "Bagrry's Crunchy Fruit & Nut with Cranberries Muesli (Pouch)"
    },
    {
      "description": "Lorem Ipsum is simply dummy text of the printing and typesetting industry. Lorem Ipsum has been the industry's standard dummy text ever since the 1500s, when an unknown printer took a galley of type and scrambled it to make a type specimen book. It has survived not only five centuries, but also the leap into electronic typesetting, remaining essentially unchanged.  -",
      "discountedPrice": 85,
      "price": 100,
      "thumbnail": "placeholder.png",
      "title": "Oreo Biscuit, Pack of 3"
    }
  ],
  "items-category-2": [
    {
      "description": "Lorem Ipsum is simply dummy text of the printing and typesetting industry. Lorem Ipsum has been the industry's standard dummy text ever since the 1500s, when an unknown printer took a galley of type and scrambled it to make a type specimen book. It has survived not only five centuries, but also the leap into electronic typesetting, remaining essentially unchanged.  -",
      "discountedPrice": 340,
      "price": 450,
      "thumbnail": "placeholder.png",
      "title": "Muesli, Pack of 2"
    },
    {
      "description": "Lorem Ipsum is simply dummy text of the printing and typesetting industry. Lorem Ipsum has been the industry's standard dummy text ever since the 1500s, when an unknown printer took a galley of type and scrambled it to make a type specimen book. It has survived not only five centuries, but also the leap into electronic typesetting, remaining essentially unchanged.  -",
      "discountedPrice": 27,
      "price": 30,
      "thumbnail": "placeholder.png",
      "title": "Oreo Biscuit, Buy 1 Get 1"
    },
    {
      "description": "Lorem Ipsum is simply dummy text of the printing and typesetting industry. Lorem Ipsum has been the industry's standard dummy text ever since the 1500s, when an unknown printer took a galley of type and scrambled it to make a type specimen book. It has survived not only five centuries, but also the leap into electronic typesetting, remaining essentially unchanged.  -",
      "discountedPrice": 340,
      "price": 450,
      "thumbnail": "placeholder.png",
      "title": "Bagrry's Crunchy Fruit & Nut with Cranberries Muesli (Pouch)"
    }
  ],
  "items-category-3": [
    {
      "description": "Lorem Ipsum is simply dummy text of the printing and typesetting industry. Lorem Ipsum has been the industry's standard dummy text ever since the 1500s, when an unknown printer took a galley of type and scrambled it to make a type specimen book. It has survived not only five centuries, but also the leap into electronic typesetting, remaining essentially unchanged.  -",
      "discountedPrice": 340,
      "price": 450,
      "thumbnail": "placeholder.png",
      "title": "Bagrry's Crunchy Fruit & Nut with Cranberries Muesli (Pouch)"
    },
    {
      "description": "Lorem Ipsum is simply dummy text of the printing and typesetting industry. Lorem Ipsum has been the industry's standard dummy text ever since the 1500s, when an unknown printer took a galley of type and scrambled it to make a type specimen book. It has survived not only five centuries, but also the leap into electronic typesetting, remaining essentially unchanged.  -",
      "discountedPrice": 85,
      "price": 100,
      "thumbnail": "placeholder.png",
      "title": "Oreo Biscuit, Pack of 3"
    },
    {
      "description": "Lorem Ipsum is simply dummy text of the printing and typesetting industry. Lorem Ipsum has been the industry's standard dummy text ever since the 1500s, when an unknown printer took a galley of type and scrambled it to make a type specimen book. It has survived not only five centuries, but also the leap into electronic typesetting, remaining essentially unchanged.  -",
      "discountedPrice": 85,
      "price": 100,
      "thumbnail": "placeholder.png",
      "title": "Oreo Biscuit, Pack of 3"
    }
  ],
  "items-category-4": [
    {
      "description": "Lorem Ipsum is simply dummy text of the printing and typesetting industry. Lorem Ipsum has been the industry's standard dummy text ever since the 1500s, when an unknown printer took a galley of type and scrambled it to make a type specimen book. It has survived not only five centuries, but also the leap into electronic typesetting, remaining essentially unchanged.  -",
      "discountedPrice": 340,
      "price": 450,
      "thumbnail": "placeholder.png",
      "title": "Muesli, Pack of 2"
    },
    {
      "description": "Lorem Ipsum is simply dummy text of the printing and typesetting industry. Lorem Ipsum has been the industry's standard dummy text ever since the 1500s, when an unknown printer took a galley of type and scrambled it to make a type specimen book. It has survived not only five centuries, but also the leap into electronic typesetting, remaining essentially unchanged.  -",
      "discountedPrice": 340,
      "price": 450,
      "thumbnail": "placeholder.png",
      "title": "Bagrry's Crunchy Fruit & Nut with Cranberries Muesli (Pouch)"
    },
    {
      "description": "Lorem Ipsum is simply dummy text of the printing and typesetting industry. Lorem Ipsum has been the industry's standard dummy text ever since the 1500s, when an unknown printer took a galley of type and scrambled it to make a type specimen book. It has survived not only five centuries, but also the leap into electronic typesetting, remaining essentially unchanged.  -",
      "discountedPrice": 85,
      "price": 100,
      "thumbnail": "placeholder.png",
      "title": "Oreo Biscuit, Pack of 3"
    },
    {
      "description": "Lorem Ipsum is simply dummy text of the printing and typesetting industry. Lorem Ipsum has been the industry's standard dummy text ever since the 1500s, when an unknown printer took a galley of type and scrambled it to make a type specimen book. It has survived not only five centuries, but also the leap into electronic typesetting, remaining essentially unchanged.  -",
      "discountedPrice": 27,
      "price": 30,
      "thumbnail": "placeholder.png",
      "title": "Oreo Biscuit, Buy 1 Get 1"
    }
  ]
}